,taxon,back_red,bell_red,brea_red,crow_red,rump_red,tail_red,thro_red,back_bright,bell_bright,brea_bright,crow_bright,rump_bright,tail_bright,thro_bright,bio1,bio12,scaled_temp,scaled_precip,Habitat
Acrob_fonse_xxx,Acrob_fonse_xxx,0.017448325,0.044083279,0.051502165,0.00456707,0.026182808,0.016022641,0.049375201,0.321266658,0.453084182,0.427040344,0.131260097,0.371985768,0.238679491,0.485271216,20.2,1261,0.279750302,-0.318430599,Intermediate
Anabc_licht_xxx,Anabc_licht_xxx,0.031184351,0.084660864,0.103511757,0.020617321,0.043765219,0.049236391,0.134120176,0.273207408,0.417557827,0.425692936,0.261999301,0.311401509,0.352441363,0.576892006,20.5,1679,0.327129635,0.195288427,Forest
Anabc_rufic_xxx,Anabc_rufic_xxx,0.017510399,0.054434937,0.071795756,0.015464254,0.029359393,0.051810705,0.057718181,0.272870562,0.474712253,0.53610856,0.250769326,0.314894326,0.349284627,0.494095477,24.9,2352,1.022026513,1.022400637,Forest
Anabc_stria_xxx,Anabc_stria_xxx,0.028605286,0.046364675,0.046710854,0.01645606,0.03178946,0.042155444,0.044578232,0.267071292,0.345904757,0.351474412,0.228013825,0.264393856,0.335025533,0.369480667,19.2,1619.5,0.121819193,0.12216335,Forest
Anabc_varie_xxx,Anabc_varie_xxx,0.02518536,0.04976997,0.05783166,0.014250343,0.03027892,0.036325021,0.052511204,0.256617495,0.35844502,0.389039461,0.230211584,0.265164065,0.314908694,0.433893989,19.25,2443.5,0.129715749,1.134853486,Forest
Anabz_dorsa_xxx,Anabz_dorsa_xxx,0.024070225,0.054990702,0.086104535,0.021441704,0.027785447,0.031361764,0.08839578,0.251175073,0.507192051,0.607504912,0.210168879,0.253080408,0.288315789,0.656362023,24.3,2909,0.927267848,1.706949674,Forest
Anabz_fuscu_xxx,Anabz_fuscu_xxx,0.026981987,0.059418481,0.093446602,0.020189191,0.033050838,0.048631515,0.099701632,0.242379785,0.40996967,0.523085092,0.204852912,0.253261178,0.326315609,0.745719392,18,1571,-0.067698137,0.062557195,Forest
Ancis_strig_xxx,Ancis_strig_xxx,0.020715623,0.081853783,0.083754679,0.019070235,0.030125823,0.049211187,0.068848408,0.270392332,0.561698171,0.538556837,0.245629749,0.305471358,0.327235123,0.459065041,25.3,2519.5,1.085198957,1.228256946,Intermediate
Anumb_annum_xxx,Anumb_annum_xxx,0.032675725,0.099075405,0.083527487,0.026021098,0.045577953,0.025330885,0.072122574,0.303892935,0.532931921,0.478237992,0.255628912,0.32104452,0.312788804,0.426923653,17.7,1125,-0.11507747,-0.485573631,Nonforest
Aphra_spini_xxx,Aphra_spini_xxx,0.017933564,0.068647439,0.063257009,0.005475661,0.040853766,0.032287389,0.062200884,0.257669003,0.544513427,0.616858142,0.188821697,0.303633169,0.304759186,0.614118668,10.6,1066.5,-1.236388342,-0.557469715,Forest
Asthe_antho_xxx,Asthe_antho_xxx,0.020911668,0.091644141,0.049189161,0.014528748,0.003270679,0.02186136,0.057661113,0.284556908,0.538248892,0.412252615,0.218812329,0.253005382,0.302366531,0.479521073,6.7,435.5,-1.852319666,-1.332964225,Nonforest
Asthe_baeri_xxx,Asthe_baeri_xxx,0.028697622,0.067573417,0.065834758,0.027660019,0.033008584,0.011612978,0.036701861,0.304165331,0.606551207,0.602694807,0.284402459,0.31346249,0.244805826,0.49983235,19.65,786.5,0.192888192,-0.901587722,Nonforest
Asthe_berle_xxx,Asthe_berle_xxx,0.023954774,0.116994245,0.097392087,0.019835268,0.028877188,0.008352239,0.08447215,0.285677886,0.624608998,0.589702036,0.240883069,0.294614605,0.224880794,0.578853287,15.8,883,-0.415146577,-0.782989909,Nonforest
Asthe_coryi_xxx,Asthe_coryi_xxx,0.014832036,0.043411557,0.026368411,0.010224284,0.013384223,0.01778397,0.057653174,0.241593818,0.398946384,0.343062155,0.22753808,0.25379888,0.284400722,0.373290947,8.05,846.5,-1.639112669,-0.827848149,Nonforest
Asthe_dorbi_are,Asthe_dorbi_are,0.040512488,0.102754218,0.071785381,0.031931888,0.049034473,0.010276104,0.055603057,0.354569382,0.596932152,0.515006974,0.322035154,0.306528707,0.256166468,0.496207772,11.45,400,-1.1021469,-1.376593472,Nonforest
Asthe_flamm_xxx,Asthe_flamm_xxx,0.017742323,0.047116684,0.040220207,0.019020252,0.019271504,0.021953872,0.043147808,0.263052092,0.452019701,0.422709047,0.263382112,0.25559117,0.267332788,0.413386385,7.45,967.5,-1.733871335,-0.67914001,Nonforest
Asthe_fulig_xxx,Asthe_fulig_xxx,0.018120067,0.041120325,0.024864452,0.021972567,0.019358706,0.029912751,0.028156504,0.236972302,0.429900364,0.370113426,0.231230961,0.239401102,0.279200051,0.395656485,10.3,1182,-1.283767675,-0.415521037,Nonforest
Asthe_grise_xxx,Asthe_grise_xxx,0.018175517,0.03482756,0.032558217,0.018282275,0.019537531,0.019118183,0.028415901,0.264391703,0.408209583,0.409004422,0.251076084,0.251714126,0.26525175,0.374373099,12.6,999,-0.920526125,-0.640426735,Nonforest
Asthe_harte_xxx,Asthe_harte_xxx,0.022574307,0.045818586,0.036740603,0.037905736,0.01902029,0.030931283,0.029132516,0.265254449,0.435183196,0.410327936,0.293137911,0.273910315,0.283913708,0.368921614,14.95,949,-0.549388019,-0.701876379,Nonforest
Asthe_heter_xxx,Asthe_heter_xxx,0.023812811,0.080280174,0.065710542,0.019692296,0.031064219,0.029760315,0.060552065,0.259207157,0.51819071,0.44788427,0.253453565,0.28908575,0.2945537,0.430286294,10.1,875,-1.315353896,-0.792821852,Nonforest
Asthe_hudso_xxx,Asthe_hudso_xxx,0.031694794,0.102423964,0.08312357,0.029675525,0.036538176,0.046637078,0.077334186,0.299269138,0.523454875,0.469998426,0.257654324,0.307187779,0.398414606,0.457542593,15.4,934,-0.47831902,-0.720311272,Nonforest
Asthe_humil_xxx,Asthe_humil_xxx,0.018629464,0.091105362,0.058550649,0.019316628,0.025414806,0.026985397,0.046157941,0.267575034,0.528644446,0.434571195,0.233764117,0.274506879,0.313319458,0.358361784,3.95,828,-2.286630215,-0.850584518,Nonforest
Asthe_luiza_xxx,Asthe_luiza_xxx,0.014791686,0.055910565,0.053020104,0.013901101,0.012732503,0.014648173,0.030733857,0.208043798,0.481951657,0.4633279,0.204335325,0.260626425,0.254212687,0.428020688,19.7,1489,0.200784748,-0.038220221,Nonforest
Asthe_macul_xxx,Asthe_macul_xxx,0.016577558,0.055726826,0.057106093,0.017021929,0.01980213,0.019581998,0.056782244,0.233357957,0.387901715,0.430089146,0.217733085,0.237302193,0.242910845,0.474461546,8.8,686,-1.520664338,-1.025101507,Nonforest
Asthe_modes_xxx,Asthe_modes_xxx,0.027803327,0.086863307,0.08310751,0.026717436,0.024227488,0.028171211,0.047479674,0.29496395,0.522407076,0.500280735,0.283522711,0.290669022,0.308212115,0.417801664,6.05,372,-1.954974887,-1.411005273,Nonforest
Asthe_morei_xxx,Asthe_morei_xxx,0.018621517,0.057924516,0.048739503,0.016480322,0.018448788,0.018104941,0.046774289,0.213898682,0.443945656,0.364510396,0.20471649,0.230221145,0.238527384,0.408080373,12,2186.5,-1.01528479,0.819002315,Nonforest
Asthe_otton_xxx,Asthe_otton_xxx,0.024389776,0.063660223,0.065310199,0.024106761,0.025659658,0.028522937,0.040120183,0.276018087,0.503930257,0.47865327,0.263314907,0.286983245,0.259645607,0.465504828,10.45,749,-1.260078008,-0.947674956,Nonforest
Asthe_palpe_xxx,Asthe_palpe_xxx,0.018314012,0.045332522,0.03360544,0.022032329,0.020874517,0.032905964,0.03290083,0.229636631,0.449727891,0.395627562,0.224031938,0.244832802,0.27754928,0.386032366,10.9,923.5,-1.189009009,-0.733215697,Nonforest
Asthe_pudib_xxx,Asthe_pudib_xxx,0.025043542,0.043503945,0.053644919,0.01831544,0.025582952,0.022358513,0.033517298,0.246472788,0.433397252,0.431383549,0.232768574,0.254197252,0.251115031,0.402200479,8.9,296,-1.504871227,-1.504408732,Nonforest
Asthe_pyrrh_xxx,Asthe_pyrrh_xxx,0.023037253,0.06564047,0.047130485,0.022237538,0.027145801,0.014346598,0.037268734,0.282439084,0.489004689,0.416001189,0.266950365,0.277385622,0.227548322,0.441869592,8.8,494,-1.520664338,-1.261068141,Nonforest
Asthe_sclat_xxx,Asthe_sclat_xxx,0.023122687,0.08236976,0.081072068,0.020687318,0.027571563,0.023727238,0.06144472,0.263034008,0.453935319,0.449762152,0.258288217,0.283921706,0.304016839,0.429802991,8.4,655.5,-1.583836781,-1.06258579,Nonforest
Asthe_vilca_xxx,Asthe_vilca_xxx,0.015541423,0.036553475,0.03023341,0.022756932,0.01882855,0.027545222,0.024540679,0.258893323,0.384807598,0.371551217,0.268730045,0.252416797,0.274169652,0.385009102,12,974,-1.01528479,-0.671151557,Nonforest
Asthe_virga_xxx,Asthe_virga_xxx,0.021717475,0.053985793,0.056685428,0.017782965,0.021052058,0.020075927,0.056817822,0.262223048,0.375592259,0.442127001,0.230462197,0.255536902,0.246555682,0.464659899,6.8,913,-1.836526555,-0.746120123,Nonforest
Asthe_wyati_xxx,Asthe_wyati_xxx,0.019015942,0.061520578,0.069581904,0.014113854,0.020949885,0.017434422,0.052904595,0.235098072,0.386011999,0.410795968,0.21922463,0.252958036,0.257036523,0.405770847,6.6,826,-1.868112777,-0.853042503,Nonforest
Autom_infus_inf,Autom_infus_inf,0.017299932,0.056558305,0.062301333,0.013500415,0.025942279,0.033096591,0.051451506,0.240311624,0.464157669,0.500321766,0.220884285,0.250979107,0.305321645,0.532573631,25.5,2499,1.116785178,1.203062591,Forest
Autom_lammi_xxx,Autom_lammi_xxx,0.028930621,0.08526849,0.079256381,0.026152949,0.050414197,0.049629864,0.080640067,0.239157448,0.490472697,0.493245486,0.231576412,0.280266396,0.328963694,0.636110492,24.95,1652,1.029923069,0.162105619,Forest
Autom_leuco_xxx,Autom_leuco_xxx,0.027435421,0.067330517,0.094522004,0.020040355,0.044781536,0.049006389,0.072912742,0.247988097,0.446367088,0.543879173,0.232007427,0.268397126,0.332116192,0.687717301,20.6,1619,0.342922745,0.121548854,Forest
Autom_melan_xxx,Autom_melan_xxx,0.0234762,0.071987776,0.067034768,0.024423667,0.032994613,0.032059247,0.109825941,0.239264145,0.458238366,0.405411878,0.234901097,0.260324317,0.274270359,0.486412516,25.1,2609.5,1.053612735,1.338866305,Forest
Autom_ochro_xxx,Autom_ochro_xxx,0.019693296,0.046789309,0.067238381,0.014796031,0.027387173,0.028596958,0.072922547,0.235817397,0.356893023,0.409262189,0.213218874,0.25791308,0.284183761,0.420521433,24.5,2660,0.95885407,1.400930446,Forest
Autom_parae_xxx,Autom_parae_xxx,0.019394545,0.054748104,0.05336879,0.014815252,0.031516442,0.038251098,0.084676889,0.263880895,0.461216788,0.502298844,0.21487408,0.261192474,0.310234458,0.672664431,25.65,2218,1.140474845,0.857715591,Forest
Autom_rufip_xxx,Autom_rufip_xxx,0.024096571,0.051067405,0.057630525,0.026451357,0.032020989,0.027725818,0.064852424,0.242387211,0.360218546,0.401062797,0.234390362,0.265476948,0.282915127,0.406108156,25.3,2523.5,1.085198957,1.233172917,Forest
Autom_subul_sub,Autom_subul_sub,0.020879987,0.047875248,0.061653562,0.014971456,0.029199715,0.035530622,0.050185739,0.232226672,0.35733515,0.39613673,0.216221432,0.246097774,0.291775238,0.350435651,24.1,2989,0.895681626,1.805269105,Forest
Campy_falcu_xxx,Campy_falcu_xxx,0.027353742,0.042724787,0.044647826,0.013126907,0.031059982,0.025348817,0.064031009,0.25412481,0.304111127,0.313797371,0.202070679,0.260375551,0.267238502,0.453883007,18.4,1626.5,-0.004525694,0.1307663,Forest
Campy_procu_prc,Campy_procu_prc,0.02752724,0.047797176,0.037849329,0.01771223,0.042216946,0.029636239,0.046999262,0.255122503,0.334109723,0.303370261,0.242914814,0.290655631,0.287194181,0.377115152,26.1,2078,1.211543844,0.685656587,Forest
Campy_pusil_xxx,Campy_pusil_xxx,0.022499732,0.035148024,0.032262463,0.016142198,0.032647949,0.026299177,0.043970807,0.243946987,0.299369781,0.283923284,0.227468766,0.256483943,0.284145147,0.324305106,19.9,2973.5,0.232370969,1.786219715,Forest
Campy_troch_zar,Campy_troch_zar,0.028337764,0.0440739,0.035747816,0.017574371,0.043404159,0.032617288,0.051338672,0.27815265,0.328619962,0.303589585,0.233761204,0.29193329,0.292057845,0.393434123,24.25,1430,0.919371292,-0.110730802,Forest
Certh_cinam_xxx,Certh_cinam_xxx,0.034119468,0.114394663,0.101411496,0.031232789,0.043480696,0.035739589,0.087512263,0.274027073,0.748493995,0.666950185,0.238611378,0.332704364,0.292963502,0.723822405,25.5,1409,1.116785178,-0.136539652,Nonforest
Certh_muste_xxx,Certh_muste_xxx,0.046807043,0.085086744,0.10995803,0.045511951,0.047359008,0.040103035,0.080020697,0.29580297,0.72424441,0.730337905,0.267908303,0.364274726,0.288046349,0.644358916,26.4,2572,1.258923176,1.292779072,Nonforest
Certo_stict_xxx,Certo_stict_xxx,0.02269787,0.039602102,0.031343871,0.013441799,0.029489032,0.032579293,0.035188862,0.250092202,0.341709722,0.291917477,0.227756339,0.276440406,0.306823038,0.318684329,26.3,2808,1.243130065,1.582821393,Forest
Cichl_leuco_xxx,Cichl_leuco_xxx,0.028867038,0.04977347,0.053206044,0.014021354,0.027507707,0.04785585,0.0966349,0.251846062,0.383192737,0.421242937,0.221863353,0.250866206,0.323724237,0.580654222,18,1680,-0.067698137,0.196517419,Intermediate
Cincl_albid_xxx,Cincl_albid_xxx,0.015609905,0.088459234,0.054744713,0.013023191,0.017705947,0.020179459,0.047836438,0.257644507,0.545970209,0.428253388,0.232795192,0.261761784,0.305234857,0.537311388,7.4,1058,-1.74176789,-0.567916154,Nonforest
Cincl_albiv_xxx,Cincl_albiv_xxx,0.021383581,0.091082831,0.086801379,0.013468398,0.022601223,0.014893439,0.052361499,0.289265902,0.627708467,0.598502246,0.268308284,0.278203226,0.322739587,0.588976704,6.1,790,-1.947078331,-0.897286247,Nonforest
Cincl_antar_xxx,Cincl_antar_xxx,0.012335614,0.026669401,0.023145709,0.011350082,0.01301625,0.012990537,0.02443976,0.237801663,0.281595689,0.284121497,0.224252049,0.245447053,0.317834688,0.294764349,5.65,533.5,-2.01814733,-1.212522922,Nonforest
Cincl_ataca_xxx,Cincl_ataca_xxx,0.020801778,0.050635006,0.055687733,0.01862031,0.025082581,0.011773632,0.060521521,0.284905485,0.400869787,0.464958059,0.268296358,0.263520132,0.281362599,0.621931222,7.3,627,-1.757561001,-1.097612087,Nonforest
Cincl_comec_xxx,Cincl_comec_xxx,0.019717342,0.08412487,0.063613443,0.019377842,0.018591331,0.021212071,0.066995602,0.298174047,0.605048978,0.535334491,0.266803356,0.320049695,0.318079281,0.646993068,14.8,652,-0.573077685,-1.066887265,Nonforest
Cincl_excel_xxx,Cincl_excel_xxx,0.01765556,0.064798821,0.064815965,0.014774015,0.021701152,0.019002371,0.071030948,0.264929223,0.449542403,0.424135822,0.215295547,0.271350614,0.279987696,0.552702354,5.7,1172,-2.010250775,-0.427810966,Nonforest
Cincl_fuscu_xxx,Cincl_fuscu_xxx,0.0192343,0.08780912,0.063558257,0.016392223,0.023678528,0.019196596,0.050107238,0.270242084,0.544921771,0.508845769,0.26227389,0.285456217,0.325224657,0.581330549,11.25,543,-1.133733121,-1.20084749,Nonforest
Cincl_nigro_xxx,Cincl_nigro_xxx,0.010030218,0.0255624,0.023852341,0.008281209,0.011444682,0.006610609,0.028334427,0.255128272,0.291169713,0.29895821,0.20215705,0.242042037,0.255205351,0.345588383,16.2,345,-0.351974133,-1.444188081,Nonforest
Cincl_ousta_xxx,Cincl_ousta_xxx,0.014770696,0.051946278,0.038936655,0.009346409,0.013425349,0.009411602,0.036644585,0.247277696,0.426703751,0.390468838,0.233042227,0.246977313,0.278921261,0.501292438,10,516,-1.331147007,-1.234030297,Nonforest
Cincl_pabst_xxx,Cincl_pabst_xxx,0.026443708,0.087383303,0.080301655,0.019446199,0.029984559,0.01699353,0.061088041,0.298836578,0.532321564,0.493935119,0.251477021,0.310073281,0.294077613,0.564585421,15.2,1853,-0.509905242,0.409133188,Nonforest
Cincl_palli_xxx,Cincl_palli_xxx,0.033699438,0.121737247,0.13445803,0.042391122,0.036763047,0.007624962,0.117821098,0.297448236,0.82319717,0.80678084,0.370338857,0.298270255,0.266174686,0.792261234,1.7,972,-2.64197521,-0.673609542,Nonforest
Cincl_patag_xxx,Cincl_patag_xxx,0.014451395,0.027220555,0.027522942,0.01051364,0.014948161,0.011232859,0.045235817,0.260142359,0.312948208,0.349947987,0.233896828,0.238815547,0.274232262,0.516291751,11.1,1181,-1.157422788,-0.41675003,Nonforest
Cincl_tacza_xxx,Cincl_tacza_xxx,0.019201827,0.043139551,0.035571404,0.011138162,0.022306539,0.009218867,0.036284707,0.280675464,0.374928274,0.365736171,0.250139775,0.300622108,0.260538498,0.399269502,19.45,15.5,0.16130197,-1.849141236,Nonforest
Cliba_eryth_ery,Cliba_eryth_ery,0.023442504,0.053279343,0.050097538,0.037744727,0.042250301,0.036908226,0.114927373,0.263596162,0.429688248,0.421900121,0.263433265,0.309929368,0.313931712,0.462062804,23.6,633,0.816716072,-1.09023813,Intermediate
Cliba_recti_xxx,Cliba_recti_xxx,0.036673704,0.063371083,0.078035782,0.038223279,0.041077923,0.038558131,0.115616704,0.271041153,0.385177146,0.401241751,0.248588836,0.275277571,0.297653835,0.507332059,22.15,1172,0.587715964,-0.427810966,Forest
Cliba_rubig_cin,Cliba_rubig_cin,0.015840393,0.029317617,0.039343744,0.014110478,0.01999938,0.01582204,0.050951257,0.204011422,0.290653279,0.329040848,0.186421578,0.227529523,0.25579561,0.321470576,21.7,2656,0.516646965,1.396014474,Forest
Cliba_rufip_xxx,Cliba_rufip_xxx,0.02970907,0.067097439,0.073343818,0.024549061,0.034499433,0.021391975,0.092255622,0.253681528,0.376567962,0.393013867,0.235372438,0.262958643,0.287122863,0.39219329,19.7,2607,0.200784748,1.335793823,Forest
Coryp_alaud_xxx,Coryp_alaud_xxx,0.04996725,0.086750121,0.09134327,0.036116445,0.051164198,0.013437075,0.073869439,0.378143014,0.544225911,0.512641104,0.309312596,0.384607053,0.270537385,0.480972181,22.2,805,0.595612519,-0.878851354,Nonforest
Crani_albia_xxx,Crani_albia_xxx,0.021776627,0.064631991,0.075205853,0.087746272,0.029345172,0.038923792,0.078748354,0.269521583,0.461187826,0.507963655,0.511028375,0.280573374,0.319426349,0.627019429,10.7,776,-1.220595231,-0.914492148,Nonforest
Crani_albic_alb,Crani_albic_alb,0.038171164,0.041957256,0.036171701,0.081462273,0.023717402,0.039705815,0.034078954,0.259382113,0.337418172,0.333565271,0.527525379,0.234164503,0.302164095,0.362349504,14.3,995.5,-0.65204324,-0.64472821,Intermediate
Crani_antis_xxx,Crani_antis_xxx,0.020143205,0.044170721,0.066496191,0.054408847,0.025922316,0.042637001,0.067328682,0.266449338,0.411420295,0.522295393,0.305747629,0.290145625,0.30577108,0.645378146,16.3,803,-0.336181022,-0.88130934,Intermediate
Crani_curta_cis,Crani_curta_cis,0.02311142,0.043035563,0.042572549,0.035174867,0.031381649,0.039774502,0.040065666,0.2640062,0.363045903,0.368773693,0.246895419,0.295397825,0.313885864,0.369424821,20.15,1739,0.271853746,0.269028,Intermediate
Crani_eryth_xxx,Crani_eryth_xxx,0.020538765,0.043501694,0.040105323,0.048207042,0.023426855,0.036702117,0.034760097,0.231042828,0.359995195,0.357506794,0.268481157,0.237613022,0.287794987,0.395241135,18.6,2526,0.027060528,1.236245399,Intermediate
Crani_guttu_xxx,Crani_guttu_xxx,0.018980255,0.058819138,0.059564384,0.029544817,0.02917918,0.044134604,0.052811603,0.256747285,0.461240072,0.454468286,0.231788548,0.274462953,0.314711502,0.465671024,25.25,2629.5,1.077302401,1.363446163,Intermediate
Crani_hellm_xxx,Crani_hellm_xxx,0.025256882,0.059581029,0.066911388,0.021895243,0.028408617,0.05389209,0.057149582,0.252193019,0.461417093,0.470676285,0.238524601,0.287482314,0.314507654,0.503139559,17,2592,-0.225629246,1.31735893,Intermediate
Crani_marca_mar,Crani_marca_mar,0.041176687,0.040216288,0.054563225,0.041406356,0.031092963,0.040341535,0.073412241,0.271386326,0.366433727,0.468965923,0.255530895,0.273813657,0.302936578,0.558790475,11.25,756,-1.133733121,-0.939072005,Forest
Crani_muell_xxx,Crani_muell_xxx,0.02356225,0.036634553,0.044413193,0.030684455,0.025737181,0.033684301,0.045026812,0.23212548,0.330961295,0.359209167,0.232467457,0.248431579,0.285400588,0.39597115,27.5,2148,1.432647396,0.771686089,Intermediate
Crani_obsol_xxx,Crani_obsol_xxx,0.026829848,0.060544585,0.065674191,0.02940811,0.033826138,0.04533317,0.043741387,0.301107449,0.436280726,0.490980529,0.276161281,0.301199037,0.337107804,0.374849803,18.9,1656,0.074439861,0.16702159,Intermediate
Crani_palli_xxx,Crani_palli_xxx,0.030625872,0.054039732,0.060204131,0.040114672,0.038575137,0.051634531,0.066559126,0.267115484,0.375869522,0.43453806,0.261971645,0.291926966,0.344066084,0.447696467,17.6,1637,-0.130870581,0.143670725,Intermediate
Crani_pyrrh_str,Crani_pyrrh_str,0.02497417,0.064485468,0.072278071,0.024046344,0.038449328,0.041964567,0.058238536,0.325769237,0.574907102,0.65797401,0.283907012,0.321066956,0.317478098,0.680856574,18.45,770.5,0.003370862,-0.921251609,Forest
Crani_semic_xxx,Crani_semic_xxx,0.037187981,0.069374016,0.059160062,0.048599815,0.05861632,0.060655465,0.07771115,0.292246795,0.456827229,0.46433508,0.369705422,0.316277633,0.332766505,0.535281712,21.55,975.5,0.492957299,-0.669308067,Intermediate
Crani_subcr_xxx,Crani_subcr_xxx,0.025162301,0.065135676,0.060964153,0.025057242,0.032891517,0.054061462,0.05545791,0.312276862,0.451090893,0.436125509,0.284118822,0.28061346,0.34147339,0.356949462,19.9,1061,0.232370969,-0.564229176,Intermediate
Decon_longi_xxx,Decon_longi_xxx,0.025507159,0.046433018,0.03565906,0.018356854,0.026769397,0.033011679,0.052465319,0.271852354,0.361252732,0.319113803,0.246448212,0.294431755,0.322392776,0.376749454,25.7,2423,1.1483714,1.109659132,Forest
Denda_anaba_xxx,Denda_anaba_xxx,0.024356502,0.058206695,0.041714999,0.023852154,0.032174661,0.033629796,0.052848316,0.282405052,0.368143717,0.335829146,0.256001432,0.289166287,0.306774771,0.397109406,25.2,2347,1.069405846,1.016255673,Forest
Denda_fulig_ful,Denda_fulig_ful,0.026297369,0.050256081,0.043057749,0.02317168,0.032706279,0.033787217,0.044231712,0.279978159,0.367944002,0.336347856,0.259043919,0.296139254,0.321818162,0.388965033,25.05,2416.5,1.045716179,1.101670678,Forest
Denda_homoc_xxx,Denda_homoc_xxx,0.028218583,0.05328763,0.037674933,0.034884639,0.043026321,0.031073404,0.060484451,0.275218149,0.330063426,0.293078929,0.276479337,0.292125297,0.294212586,0.339971888,25,2151.5,1.037819624,0.775987564,Forest
Denda_merul_xxx,Denda_merul_xxx,0.02282021,0.035614681,0.02812007,0.018724711,0.027919186,0.028859835,0.050215947,0.245845638,0.281150674,0.264587223,0.217002947,0.246395132,0.287169985,0.415354064,25.6,2298,1.132578289,0.956035022,Forest
Dendo_certh_xxx,Dendo_certh_xxx,0.029928547,0.061941069,0.043577946,0.021373507,0.043737411,0.020684479,0.041128607,0.283978858,0.381454695,0.325346182,0.262902058,0.296976237,0.26073836,0.356810203,25.7,2324,1.1483714,0.987988837,Forest
Dendo_hoffm_xxx,Dendo_hoffm_xxx,0.021161243,0.053905136,0.031347659,0.01858577,0.039434547,0.01845324,0.035825073,0.267168815,0.34842472,0.299346671,0.244064818,0.292754711,0.255787948,0.355931563,27,2139.5,1.353681841,0.76123965,Forest
Dendo_picum_xxx,Dendo_picum_xxx,0.028172183,0.053405273,0.043877772,0.022355098,0.036881949,0.027523446,0.055256752,0.269411828,0.353329147,0.328938308,0.257669841,0.265597224,0.286206181,0.421507689,23.25,1921.5,0.761440184,0.493319201,Forest
Dendo_platy_xxx,Dendo_platy_xxx,0.025334613,0.045277494,0.042513578,0.014541035,0.02972504,0.020921302,0.063599718,0.260934524,0.340397079,0.324162535,0.229714851,0.258524614,0.266284465,0.476020521,18.9,1606.5,0.074439861,0.106186442,Forest
Dendo_sanct_xxx,Dendo_sanct_xxx,0.024380047,0.047571971,0.034937913,0.022716646,0.042560209,0.027809016,0.03317258,0.27585827,0.348347484,0.303701589,0.260853598,0.289081164,0.278223022,0.323368536,25.3,2535.5,1.085198957,1.247920832,Forest
Dendp_kiene_xxx,Dendp_kiene_xxx,0.023066634,0.050074814,0.037769766,0.015016377,0.031198392,0.021785393,0.060804117,0.26666368,0.326015076,0.321915945,0.234386901,0.252594765,0.272764733,0.471949399,27.1,2308,1.369474952,0.968324951,Intermediate
Dendp_picus_xxx,Dendp_picus_xxx,0.034156233,0.045612883,0.040670104,0.019662751,0.042478067,0.029158906,0.088814833,0.269227005,0.320177513,0.331122392,0.242078217,0.282123347,0.268326115,0.529516384,26.4,1826.5,1.258923176,0.376564877,Intermediate
Dendx_rufig_dev,Dendx_rufig_dev,0.034539075,0.075286189,0.054988048,0.039414102,0.042278299,0.028511058,0.104967161,0.292789238,0.364790083,0.339784115,0.296199429,0.278369372,0.267185713,0.446992219,25.5,2681,1.116785178,1.426739296,Forest
Drymo_bridg_xxx,Drymo_bridg_xxx,0.05044027,0.068066824,0.067627914,0.026439117,0.06860816,0.042096264,0.08277889,0.328047575,0.440448087,0.478622842,0.262973305,0.356805493,0.273897049,0.599135349,18.85,941.5,0.066543305,-0.711093825,Intermediate
Drymt_puche_xxx,Drymt_puche_xxx,0.029586735,0.043502694,0.03716766,0.022159009,0.040296325,0.02973407,0.030973536,0.281433762,0.326392108,0.302323883,0.254806878,0.290378792,0.292305985,0.278433217,15.55,1198.5,-0.454629354,-0.395242654,Forest
Furna_crist_xxx,Furna_crist_xxx,0.044646818,0.123434616,0.11036745,0.046718222,0.057060572,0.058428149,0.082696411,0.313454696,0.725992722,0.517464216,0.364727574,0.349611,0.367816765,0.700483114,22.8,738.5,0.690371185,-0.960579381,Nonforest
Furna_minor_xxx,Furna_minor_xxx,0.067651507,0.152894553,0.121865921,0.029031732,0.074199545,0.056069093,0.107865134,0.348672832,0.748264397,0.542400801,0.308263637,0.370452887,0.335147472,0.668843355,26.4,2843,1.258923176,1.625836143,Nonforest
Furna_torri_xxx,Furna_torri_xxx,0.0353363,0.1445824,0.09841662,0.016906095,0.028583217,0.027376643,0.085384204,0.243313466,0.659605784,0.451564984,0.24009065,0.239581063,0.263507206,0.584936563,26.4,2798,1.258923176,1.570531464,Forest
Geoce_serra_xxx,Geoce_serra_xxx,0.023078965,0.059418018,0.062895225,0.017477069,0.02841804,0.032248828,0.047636891,0.286179417,0.425382072,0.457399876,0.246709325,0.273814312,0.28746259,0.457586379,6.8,746,-1.836526555,-0.951361934,Nonforest
Geosi_antar_xxx,Geosi_antar_xxx,0.026495792,0.086442589,0.071519954,0.036052275,0.034777907,0.025219048,0.063225328,0.358554883,0.560581578,0.505939135,0.328892068,0.380829468,0.355077839,0.584621061,6.45,322.5,-1.891802443,-1.471840421,Nonforest
Geosi_crass_xxx,Geosi_crass_xxx,0.036122437,0.12461814,0.075138053,0.03303842,0.043525915,0.04574444,0.07695268,0.370541702,0.656057614,0.513641181,0.321332059,0.38842458,0.388475843,0.696465754,18.65,46.5,0.034957083,-1.811042456,Nonforest
Geosi_cunic_cun,Geosi_cunic_cun,0.038543153,0.1057083,0.074015104,0.034055013,0.035979116,0.022521615,0.077879007,0.362428703,0.608220456,0.504072673,0.323669628,0.380184552,0.304416747,0.658783044,8.9,504,-1.504871227,-1.248778212,Nonforest
Geosi_isabe_xxx,Geosi_isabe_xxx,0.058559832,0.11271706,0.073699021,0.04434796,0.044740009,0.01486008,0.043159815,0.409306159,0.598467906,0.462493646,0.382185391,0.423194551,0.31162702,0.486490497,4.4,483,-2.215561216,-1.274587063,Nonforest
Geosi_marit_xxx,Geosi_marit_xxx,0.032769783,0.094384121,0.077603218,0.027167315,0.021290811,0.023218806,0.074192103,0.377488375,0.624200468,0.569192935,0.31949315,0.400358898,0.334123712,0.640386375,16.6,30,-0.28880169,-1.831320839,Nonforest
Geosi_peruv_xxx,Geosi_peruv_xxx,0.054046416,0.122042878,0.077955529,0.050472319,0.057791345,0.040088389,0.082158553,0.42232272,0.793912097,0.607844403,0.388263097,0.465442817,0.373876068,0.73693326,19.4,17,0.153405415,-1.847297747,Nonforest
Geosi_poeci_xxx,Geosi_poeci_xxx,0.029089981,0.083343613,0.062652291,0.024266006,0.037536192,0.057126065,0.064000823,0.280656211,0.505472466,0.389039316,0.26174099,0.297238952,0.348961099,0.535332331,20.6,1520,0.342922745,-0.000121442,Nonforest
Geosi_rufip_xxx,Geosi_rufip_xxx,0.038665728,0.11130653,0.072802719,0.033731659,0.04516256,0.026896589,0.051485416,0.389322351,0.646621805,0.522170868,0.320909868,0.403875134,0.33581167,0.629598487,7.7,479,-1.694388557,-1.279503034,Nonforest
Geosi_tenui_xxx,Geosi_tenui_xxx,0.031506472,0.108709005,0.076888514,0.029850981,0.033787875,0.028647551,0.073962183,0.327495719,0.582871632,0.475320346,0.309564498,0.341876174,0.34208972,0.620326988,6.2,769.5,-1.931285221,-0.922480601,Nonforest
Glyph_spiru_xxx,Glyph_spiru_xxx,0.026107281,0.035982762,0.029687074,0.015608052,0.033624528,0.030043829,0.051061475,0.264321278,0.352335308,0.31469115,0.234936206,0.286329957,0.291152867,0.366610811,25.1,2808,1.053612735,1.582821393,Forest
Helio_conta_xxx,Helio_conta_xxx,0.024693295,0.039354269,0.046311774,0.017243131,0.021758749,0.047457368,0.079407712,0.273947764,0.346586273,0.397950877,0.233781901,0.267308946,0.321578435,0.541312146,16.35,1685,-0.328284467,0.202662384,Intermediate
Hellm_gular_xxx,Hellm_gular_xxx,0.027443664,0.052658762,0.054610234,0.027476057,0.02528073,0.028889763,0.061250525,0.254122524,0.318974532,0.322343636,0.251898123,0.242084304,0.291428259,0.355532374,12.3,1289,-0.967905457,-0.284018798,Forest
Hylex_perro_uni,Hylex_perro_uni,0.030756335,0.07008009,0.045788224,0.026753544,0.043525883,0.025495053,0.04829282,0.265920149,0.429910436,0.339730733,0.268758005,0.279137351,0.246060406,0.371371345,26.2,2059.5,1.227336954,0.662920219,Forest
Hylex_stres_xxx,Hylex_stres_xxx,0.025489764,0.059479516,0.037738481,0.022192669,0.040811367,0.025059976,0.047300909,0.259851168,0.403543328,0.309034615,0.250347923,0.268872949,0.255540804,0.407856446,25.35,2189,1.093095512,0.822074797,Forest
Lepid_affin_xxx,Lepid_affin_xxx,0.035512003,0.045051469,0.03954013,0.020418328,0.039855899,0.036287884,0.074344959,0.290147804,0.361932611,0.347147908,0.260474937,0.29282627,0.317176546,0.481487648,17,2181,-0.225629246,0.812242854,Forest
Lepid_albol_fus,Lepid_albol_fus,0.029108788,0.044588018,0.03811283,0.025826699,0.039588459,0.029211485,0.060531927,0.274806897,0.354120149,0.340267443,0.272342203,0.277311881,0.28149458,0.428398527,25.3,2212.5,1.085198957,0.85095613,Intermediate
Lepid_angus_ang,Lepid_angus_ang,0.058659487,0.0757949,0.083048214,0.027279765,0.061755828,0.046687306,0.109405417,0.339290492,0.491538019,0.510552483,0.287690634,0.343230534,0.300381794,0.615175634,21.9,1018,0.548233187,-0.61707587,Intermediate
Lepid_falci_xxx,Lepid_falci_xxx,0.035277379,0.037313827,0.045066638,0.029295542,0.040015288,0.042559809,0.096868436,0.292402097,0.353652561,0.391689372,0.275681501,0.288651549,0.306291928,0.705497494,18.1,1836,-0.051905026,0.388240309,Forest
Lepid_lacry_xxx,Lepid_lacry_xxx,0.03197661,0.040984582,0.037533866,0.020608528,0.040271732,0.034591737,0.043509957,0.280610829,0.344058263,0.318161581,0.261031278,0.279931478,0.296932125,0.42975618,16.9,1465,-0.241422357,-0.067716051,Forest
Lepid_leuco_xxx,Lepid_leuco_xxx,0.03582361,0.041600123,0.049212784,0.020454441,0.048970178,0.045070282,0.080452246,0.303241162,0.415347347,0.449554739,0.276561519,0.309985161,0.326704606,0.601678886,17.3,1167.5,-0.178249913,-0.433341434,Forest
Lepid_soule_xxx,Lepid_soule_xxx,0.030430897,0.044232525,0.035723807,0.024560665,0.049906467,0.038345671,0.069613435,0.295086584,0.4026276,0.365281953,0.286631364,0.323545971,0.316258853,0.489834338,24.7,2461,0.990440291,1.156360862,Intermediate
Lepta_andic_xxx,Lepta_andic_xxx,0.019305105,0.035210396,0.030997542,0.025805533,0.024059944,0.013439613,0.032008666,0.305494941,0.342522035,0.370103673,0.247108285,0.278539242,0.249299273,0.481286752,6.2,883,-1.931285221,-0.782989909,Nonforest
Lepta_fulig_xxx,Lepta_fulig_xxx,0.031066305,0.065616948,0.064795197,0.025843724,0.044886237,0.046687896,0.043704301,0.309053665,0.436477509,0.454586653,0.265907991,0.329681181,0.31637084,0.428459162,12.5,602,-0.936319235,-1.128336909,Nonforest
Lepta_pilea_xxx,Lepta_pilea_xxx,0.017409184,0.045244764,0.035722287,0.030715679,0.024269661,0.017228198,0.031915817,0.296004382,0.465515914,0.45057761,0.274460873,0.338070247,0.302479267,0.429383342,7.9,729,-1.662802336,-0.972254813,Nonforest
Lepta_stria_xxx,Lepta_stria_xxx,0.024397254,0.061722419,0.043746149,0.025941887,0.0357096,0.02569428,0.027040571,0.337851774,0.483017239,0.461596625,0.274141446,0.35134641,0.303496079,0.424235352,10.1,192.5,-1.315353896,-1.631609495,Nonforest
Lepta_strio_xxx,Lepta_strio_xxx,0.026126992,0.08259539,0.077285851,0.025428983,0.03223117,0.031287221,0.058246119,0.266758355,0.473781427,0.42979795,0.241057075,0.287509806,0.31654396,0.459400197,15.25,1784.5,-0.502008686,0.324947176,Forest
Lepta_xenot_xxx,Lepta_xenot_xxx,0.017829389,0.0430941,0.02637331,0.043805459,0.012627141,0.011500795,0.015736365,0.260488491,0.375835561,0.389064465,0.261573156,0.237092073,0.24728133,0.398714284,7.4,756,-1.74176789,-0.939072005,Forest
Lepta_yanac_xxx,Lepta_yanac_xxx,0.022948939,0.078659561,0.077664981,0.02171134,0.033468958,0.049069979,0.059884573,0.256110314,0.413541885,0.397771829,0.257301226,0.259189851,0.325766373,0.399994658,8.3,711,-1.599629892,-0.994376685,Forest
Limno_curvi_xxx,Limno_curvi_xxx,0.03608827,0.108849879,0.107036405,0.034678125,0.05085958,0.048124465,0.097686906,0.282220442,0.701433852,0.609493793,0.266138866,0.300336014,0.34506122,0.713701595,16.5,986,-0.3045948,-0.656403642,Nonforest
Limno_recti_xxx,Limno_recti_xxx,0.049558256,0.091677131,0.087189966,0.030429829,0.056326362,0.066611472,0.093588148,0.345026142,0.550808102,0.524662673,0.301847225,0.360697421,0.375046341,0.585395818,16.6,1089.5,-0.28880169,-0.529202879,Nonforest
Lochm_nemat_obs,Lochm_nemat_obs,0.014781506,0.0215109,0.020443801,0.009929845,0.013296789,0.003253241,0.020150678,0.213662105,0.341167932,0.354918043,0.197199129,0.201534201,0.238655892,0.324080701,18.5,1560,0.011267417,0.049038273,Forest
Marga_bellu_xxx,Marga_bellu_xxx,0.024317773,0.030257315,0.032246076,0.011230234,0.023739107,0.031844405,0.026699984,0.23192135,0.284130854,0.323518479,0.183543784,0.254261067,0.28097911,0.348082434,20.2,2534,0.279750302,1.246077342,Forest
Marga_rubig_xxx,Marga_rubig_xxx,0.034070063,0.064723845,0.054960695,0.023826401,0.041845962,0.044658519,0.037048705,0.251597787,0.376814325,0.369268088,0.210571558,0.269297249,0.310930352,0.476745149,16.1,2614,-0.367767244,1.344396773,Forest
Marga_squam_xxx,Marga_squam_xxx,0.032422281,0.029737742,0.032344695,0.019913368,0.03246624,0.036073719,0.037086726,0.253866236,0.333764657,0.354043522,0.220861972,0.260305974,0.306172768,0.416702755,13.8,1165,-0.731008794,-0.436413916,Forest
Megax_parna_xxx,Megax_parna_xxx,0.05671799,0.098273168,0.096010674,0.051674334,0.06750275,0.053984985,0.095690829,0.30845736,0.422823694,0.417348544,0.301554134,0.329206471,0.326762015,0.710874053,22.55,860,0.650888407,-0.811256745,Intermediate
Metop_auran_xxx,Metop_auran_xxx,0.022130559,0.078726846,0.086596525,0.026992849,0.025572905,0.023851081,0.116890215,0.323617618,0.485377271,0.500525038,0.279238198,0.347647778,0.338942797,0.500949954,25.35,2914.5,1.093095512,1.713709135,Intermediate
Micrx_mille_xxx,Micrx_mille_xxx,0.027497374,0.046409105,0.036716363,0.018143005,0.050150808,0.049646617,0.052043978,0.30167699,0.389147047,0.421516997,0.244313371,0.310121111,0.320268133,0.461796157,26.1,2534,1.211543844,1.246077342,Intermediate
Nasic_longi_xxx,Nasic_longi_xxx,0.034223007,0.055135937,0.039907788,0.019222372,0.041148664,0.027956461,0.095500102,0.254088885,0.353635254,0.353431305,0.242022256,0.276572107,0.281829418,0.68096051,26.1,2609,1.211543844,1.338251809,Forest
Ochet_andae_xxx,Ochet_andae_xxx,0.030096749,0.090159998,0.099043113,0.028154235,0.032583134,0.037571702,0.100290256,0.293945542,0.550204778,0.570997972,0.283650754,0.289330688,0.295621395,0.626072803,11.5,597.5,-1.094250344,-1.133867377,Nonforest
Ochet_melan_xxx,Ochet_melan_xxx,0.024376443,0.034783931,0.047537048,0.018334996,0.031065168,0.008801933,0.088659613,0.286679196,0.33273288,0.474926186,0.272602035,0.262198194,0.234550386,0.6990027,9.8,500,-1.362733229,-1.253694184,Nonforest
Ochet_phoen_xxx,Ochet_phoen_xxx,0.028111664,0.08205029,0.049020303,0.024770351,0.031757174,0.013141517,0.030274773,0.295260823,0.478359508,0.450234205,0.269017092,0.326264835,0.222596418,0.511856727,7.85,228.5,-1.670698891,-1.587365752,Nonforest
Ochet_rufic_xxx,Ochet_rufic_xxx,0.035149932,0.071025724,0.078462607,0.02968826,0.040907828,0.014326222,0.064903347,0.320383569,0.457512631,0.571205632,0.30004118,0.315579097,0.24522848,0.633794426,8,160,-1.647009225,-1.671551764,Nonforest
Phace_dorsa_xxx,Phace_dorsa_xxx,0.030836461,0.067706159,0.091911686,0.023187798,0.02966749,0.029332644,0.07086373,0.281038698,0.517424593,0.581426635,0.291309044,0.317897633,0.262343798,0.534258284,16.7,711,-0.273008579,-0.994376685,Nonforest
Phace_eryth_xxx,Phace_eryth_xxx,0.025992948,0.058285279,0.055707496,0.048313291,0.030919899,0.042673861,0.079996762,0.267965787,0.362269015,0.365270671,0.259105191,0.2730665,0.310759513,0.351569209,21.4,1902,0.469267632,0.46935384,Intermediate
Phace_ferru_xxx,Phace_ferru_xxx,0.025193373,0.074058254,0.059741897,0.033004886,0.024206853,0.021756942,0.081678315,0.269649808,0.389966605,0.331993355,0.239571217,0.264031777,0.246948437,0.390551126,18,1438,-0.067698137,-0.100898858,Nonforest
Phace_macul_xxx,Phace_macul_xxx,0.025014936,0.079764437,0.091704385,0.034427516,0.019127128,0.029932465,0.103501043,0.246961175,0.40741178,0.454030121,0.258458553,0.272139645,0.284650521,0.558889518,15.15,572,-0.517801797,-1.165206696,Nonforest
Phace_ruber_xxx,Phace_ruber_xxx,0.030194009,0.091225988,0.080962918,0.029118715,0.032248745,0.03240491,0.093255537,0.259225758,0.617999533,0.542278255,0.225126884,0.292645021,0.253422103,0.632901843,23.4,1250,0.78512985,-0.331949521,Nonforest
Phace_sibil_xxx,Phace_sibil_xxx,0.031712588,0.062126555,0.095723333,0.029978964,0.043104634,0.023430579,0.066472468,0.295262613,0.513770859,0.610548392,0.300015853,0.328189831,0.267669202,0.595743188,20.9,787,0.390302078,-0.900973226,Intermediate
Phace_stria_xxx,Phace_stria_xxx,0.028828023,0.095038615,0.100621557,0.036163402,0.031343636,0.033689589,0.113587184,0.278339966,0.551042964,0.549888133,0.26777492,0.313953062,0.307223639,0.651063748,16.6,984,-0.28880169,-0.658861628,Nonforest
Phace_strie_xxx,Phace_strie_xxx,0.025356638,0.076761263,0.087068484,0.015992134,0.03257465,0.017900891,0.078121212,0.265480071,0.482436265,0.571903819,0.219650734,0.296179702,0.263388904,0.55592938,10.35,611,-1.275871119,-1.117275973,Nonforest
Phily_atric_xxx,Phily_atric_xxx,0.027723232,0.056510088,0.060472575,0.011665554,0.042442464,0.0534081,0.098042168,0.247272386,0.333042899,0.336816338,0.194689972,0.277666458,0.346814779,0.462840788,20.3,1709,0.295543413,0.232158213,Forest
Phily_erytc_ery,Phily_erytc_ery,0.019559909,0.048886707,0.063970003,0.014682503,0.031691679,0.045643048,0.053997695,0.265076187,0.422798001,0.49380781,0.218333908,0.282509344,0.333696083,0.508699597,25.2,2350,1.069405846,1.019942652,Forest
Phily_fusci_xxx,Phily_fusci_xxx,0.025991404,0.072017062,0.067715454,0.016588394,0.039262574,0.067422519,0.116852224,0.244566448,0.40558799,0.432186544,0.210721719,0.26361064,0.374480002,0.478114436,23.8,2696,0.848302293,1.44517419,Forest
Phily_pyrrh_xxx,Phily_pyrrh_xxx,0.027031566,0.068540878,0.079332622,0.01829546,0.070690352,0.071474924,0.089727659,0.250212816,0.354462165,0.388356926,0.207472646,0.325283357,0.377544752,0.411392417,25.7,2771,1.1483714,1.537348656,Forest
Phily_rufum_xxx,Phily_rufum_xxx,0.033367577,0.067132279,0.081226465,0.019720106,0.046136472,0.04313465,0.106977049,0.291764488,0.398286765,0.433714661,0.258735867,0.313177468,0.34769101,0.45783392,19.4,1791,0.153405415,0.33293563,Forest
Premn_guttu_xxx,Premn_guttu_xxx,0.016898155,0.041314656,0.04600989,0.012207837,0.022739312,0.032625738,0.064676103,0.229252374,0.330960052,0.372382354,0.194847411,0.238071852,0.294812772,0.453793965,17,1827,-0.225629246,0.377179373,Forest
Premx_tatei_xxx,Premx_tatei_xxx,0.020895704,0.044912436,0.038727567,0.008428135,0.022716131,0.016008823,0.066220699,0.194141151,0.370645648,0.369377419,0.184141343,0.204676206,0.227322209,0.430977967,18.9,1587,0.074439861,0.082221081,Forest
Pseua_cacto_xxx,Pseua_cacto_xxx,0.038516105,0.080330082,0.059926728,0.038618626,0.045836543,0.03105211,0.089804728,0.344661455,0.506444889,0.483743208,0.32227927,0.344976216,0.33497212,0.432102962,18.5,52,0.011267417,-1.804282996,Nonforest
Pseua_humic_xxx,Pseua_humic_xxx,0.024668057,0.065803116,0.056486971,0.024035479,0.029516803,-0.002228161,0.046938821,0.288911673,0.510114422,0.45881751,0.265793668,0.295766506,0.281869139,0.464351219,14.3,454,-0.65204324,-1.310227856,Nonforest
Pseuc_boiss_xxx,Pseuc_boiss_xxx,0.024805725,0.054351355,0.069093686,0.008144438,0.056876262,0.042100711,0.052393775,0.262185589,0.350539757,0.449395702,0.210884658,0.313105151,0.326097089,0.481016781,15,1233,-0.541491464,-0.3528424,Intermediate
Pseuc_lawre_law,Pseuc_lawre_law,0.037708484,0.054611901,0.068324864,0.01061167,0.048737189,0.052092976,0.036845961,0.268203185,0.370040713,0.444327937,0.189658187,0.299768903,0.339812328,0.421856044,15.45,2567,-0.470422465,1.286634108,Intermediate
Pseus_crist_xxx,Pseus_crist_xxx,0.053290103,0.077887153,0.068723654,0.048977081,0.0578776,0.038324656,0.077602122,0.30285462,0.375674345,0.366769898,0.344647624,0.316433236,0.295616822,0.377292632,24.5,921,0.95885407,-0.736288179,Intermediate
Pseus_guttu_xxx,Pseus_guttu_xxx,0.030098179,0.053790332,0.058624547,0.027061544,0.036859698,0.01676129,0.012102291,0.312439528,0.440976118,0.438263164,0.298317417,0.333930351,0.255699145,0.287800827,13.5,199.5,-0.778388127,-1.623006545,Nonforest
Pseus_lopho_xxx,Pseus_lopho_xxx,0.045646044,0.066415307,0.06865253,0.025165317,0.057804578,0.043795293,0.080490532,0.33572402,0.410688058,0.431340367,0.291776434,0.361986696,0.320786547,0.431484494,18.25,862,-0.02821536,-0.80879876,Intermediate
Pseus_uniru_xxx,Pseus_uniru_xxx,0.054082059,0.07564307,0.070391525,0.040316373,0.062015775,0.046835188,0.081885144,0.316855531,0.382652621,0.375775168,0.301088592,0.340183486,0.315252213,0.39822077,26.1,1280.5,1.211543844,-0.294465238,Intermediate
Pygar_albog_xxx,Pygar_albog_xxx,0.016645677,0.037768761,0.041923181,0.014784807,0.026888438,0.04940005,0.101791252,0.255173758,0.400676922,0.477552145,0.243244271,0.268297047,0.362950173,0.824307127,9.3,1357,-1.441698783,-0.200447282,Intermediate
Rorai_adust_xxx,Rorai_adust_xxx,0.018030707,0.037442669,0.052266696,0.007760859,0.017565481,0.022501598,0.066340947,0.209238202,0.301100571,0.368401025,0.179271908,0.228066802,0.259487965,0.467894963,19.1,1778,0.106026082,0.316958722,Forest
Schoe_phryg_xxx,Schoe_phryg_xxx,0.024485915,0.098836061,0.110305394,0.035149457,0.046214462,0.026935794,0.008296942,0.277526571,0.676662222,0.463327909,0.266228137,0.341202141,0.299512157,0.181723373,22.8,1137.5,0.690371185,-0.47021122,Nonforest
Scler_albig_xxx,Scler_albig_xxx,0.016696029,0.0167299,0.02015061,0.010567696,0.01896152,0.002347663,0.055776338,0.247259992,0.257976519,0.273713684,0.218743011,0.24523872,0.255353738,0.47155267,21.6,2260,0.500853854,0.909333292,Forest
Scler_cauda_xxx,Scler_cauda_xxx,0.016761775,0.020721405,0.023960199,0.015729212,0.019420089,0.004457719,0.041643503,0.239237698,0.258819393,0.280475365,0.202613357,0.261182257,0.266628134,0.333624327,25.2,2534,1.069405846,1.246077342,Forest
Scler_guate_xxx,Scler_guate_xxx,0.013808353,0.014529425,0.020756718,0.01366443,0.015063023,0.004032391,0.036148399,0.226605324,0.240645903,0.264368852,0.205027363,0.231679201,0.245913076,0.398026617,25,2576,1.037819624,1.297695043,Forest
Scler_mexic_mex,Scler_mexic_mex,0.015815281,0.024689331,0.027147177,0.012671803,0.029210892,0.005283724,0.050888604,0.224899041,0.245038173,0.268252097,0.201704905,0.239465325,0.251074963,0.301100937,22.4,2418,0.627198741,1.103514168,Forest
Scler_rufig_xxx,Scler_rufig_xxx,0.015275284,0.015699199,0.02165538,0.012458016,0.019949656,0.002651374,0.067007506,0.249210708,0.241543735,0.257565496,0.203258587,0.239968726,0.261986395,0.380989944,25.6,2327,1.132578289,0.991675815,Forest
Scler_scans_xxx,Scler_scans_xxx,0.020300276,0.020574114,0.031427458,0.015534674,0.029458081,0.003080173,0.058077435,0.249835427,0.25237876,0.260146719,0.220890063,0.234343489,0.249628274,0.442901753,18.7,1619,0.042853639,0.121548854,Forest
Sipto_stria_xxx,Sipto_stria_xxx,0.036976984,0.0401125,0.051605433,0.020630373,0.041459477,0.033382,0.045265634,0.276823234,0.370616537,0.394174713,0.209512866,0.290302537,0.288041234,0.365700957,16.85,1857.5,-0.249318912,0.414663656,Intermediate
Sitta_grise_gri,Sitta_grise_gri,0.028024228,0.040590981,0.033035994,0.017474972,0.058206953,0.050691367,0.029696504,0.298489755,0.414313278,0.365298378,0.266516287,0.325707345,0.335047632,0.388588015,22.8,1737,0.690371185,0.266570014,Forest
Spart_malur_xxx,Spart_malur_xxx,0.025043374,0.093519842,0.065100972,0.044372987,0.037934596,0.030619486,0.070400644,0.257268617,0.609633735,0.567764246,0.259475794,0.286225582,0.28428196,0.637332891,16.05,975,-0.375663799,-0.669922564,Nonforest
Synal_albig_xxx,Synal_albig_xxx,0.015792704,0.0659812,0.02770452,0.047816656,0.018065126,0.013861311,0.011501435,0.258391659,0.589063996,0.397835702,0.280336343,0.255203267,0.266037811,0.297776333,24.4,2766,0.943060959,1.531203691,Nonforest
Synal_albil_xxx,Synal_albil_xxx,0.026833103,0.118538786,0.114098705,0.020087898,0.035774052,0.032272654,0.064719726,0.305925484,0.635949901,0.525908706,0.290958156,0.311964612,0.295620761,0.683689388,26.2,1235,1.227336954,-0.350384414,Forest
Synal_azara_aza,Synal_azara_aza,0.019113601,0.036566247,0.027473944,0.054779881,0.019071446,0.027724075,0.008174829,0.256835545,0.464981953,0.386373789,0.30373361,0.264060615,0.286367386,0.293296496,16.7,1217,-0.273008579,-0.372506286,Intermediate
Synal_brach_xxx,Synal_brach_xxx,0.009583327,0.018728355,0.009191964,0.035300068,0.012051296,0.00906121,0.004127971,0.250356744,0.386831574,0.313555901,0.259187447,0.25221835,0.236647169,0.212833414,21.8,2796,0.532440076,1.568073478,Nonforest
Synal_caban_xxx,Synal_caban_xxx,0.018003074,0.032149109,0.024653488,0.035705632,0.016102774,0.021424437,0.007603882,0.237881957,0.353084795,0.334221005,0.252815525,0.248811416,0.247676281,0.256957812,21.8,1906,0.532440076,0.474269811,Intermediate
Synal_cande_xxx,Synal_cande_xxx,0.069765271,0.151409979,0.111977194,0.013952635,0.067627976,0.061819805,0.020867364,0.398356235,0.729850095,0.46350492,0.224116532,0.335401245,0.3394969,0.3920781,27.3,852.5,1.401061174,-0.820474192,Intermediate
Synal_casta_xxx,Synal_casta_xxx,0.049940616,0.078372989,0.063654196,0.062261914,0.053728393,0.047675454,0.004010623,0.292834875,0.359521366,0.332237855,0.323406065,0.308912502,0.331634111,0.199221106,15.25,1140,-0.502008686,-0.467138738,Forest
Synal_cherr_xxx,Synal_cherr_xxx,0.024983405,0.044782171,0.064516722,0.019243448,0.008333029,0.003980057,0.047828742,0.27594194,0.433345805,0.344864175,0.270147882,0.32732145,0.269810713,0.37690609,25.2,2263,1.069405846,0.913020271,Forest
Synal_ciner_xxx,Synal_ciner_xxx,0.018300347,0.023614148,0.017037656,0.013007142,0.014900187,0.019597389,0.005137854,0.247257103,0.401234513,0.373668145,0.220228258,0.248109085,0.262885849,0.233454107,18.7,1712,0.042853639,0.235845192,Forest
Synal_cours_xxx,Synal_cours_xxx,0.010977263,0.018011442,0.020254264,0.048348352,0.011185619,0.012515344,0.003270895,0.275357744,0.370166311,0.376780032,0.297901628,0.262000525,0.283839754,0.263719027,10.6,809,-1.236388342,-0.873935382,Forest
Synal_eryth_xxx,Synal_eryth_xxx,0.019314201,0.044651171,0.069895461,0.014207871,0.017386328,0.02053393,0.016184531,0.267391947,0.482814865,0.353011572,0.261335645,0.266709966,0.271023389,0.330831878,25.1,2553,1.053612735,1.269428207,Forest
Synal_front_xxx,Synal_front_xxx,0.025728395,0.069571275,0.035880679,0.045247396,0.031689216,0.036856625,0.007477553,0.272465632,0.589442764,0.431215114,0.274063376,0.289316471,0.336223095,0.290740557,20.65,949,0.350819301,-0.701876379,Intermediate
Synal_fusco_xxx,Synal_fusco_xxx,0.020295984,0.072342244,0.058420263,0.020137896,0.020221098,0.022054547,0.055440546,0.278541058,0.454912486,0.363712352,0.253890141,0.260121351,0.266086558,0.402760313,16.8,2607,-0.257215468,1.335793823,Intermediate
Synal_gujan_xxx,Synal_gujan_xxx,0.023943865,0.081394413,0.070954249,0.015438804,0.026465565,0.031374573,0.06684089,0.266243443,0.518088698,0.46308878,0.242927792,0.273797306,0.299553789,0.601771701,25.4,2183,1.100992067,0.81470084,Forest
Synal_hellm_xxx,Synal_hellm_xxx,0.022491326,0.047661239,0.03807694,0.023163167,0.025108736,0.0166255,0.007559137,0.299289699,0.378905429,0.340628934,0.251618102,0.335588033,0.272572347,0.207693021,22.8,783.5,0.690371185,-0.905274701,Intermediate
Synal_hypoc_xxx,Synal_hypoc_xxx,0.028366995,0.10848335,0.082892129,0.018308393,0.045481147,0.022865112,0.112588525,0.288424706,0.652456634,0.566989245,0.263931638,0.333270022,0.276352657,0.666862615,14.4,737,-0.636250129,-0.96242287,Intermediate
Synal_hypos_xxx,Synal_hypos_xxx,0.02271639,0.065590865,0.027391986,0.036932198,0.027195667,0.005290458,0.008395809,0.273059415,0.550491293,0.407640836,0.259988039,0.308686484,0.250018568,0.235785522,25.3,1381,1.085198957,-0.170951453,Nonforest
Synal_infus_xxx,Synal_infus_xxx,0.015862844,0.017400863,0.011270887,0.042125367,0.01614966,0.024269186,0.005483476,0.243892123,0.383229808,0.339857825,0.25611673,0.251089675,0.264246594,0.302413295,22.5,1654,0.642991852,0.164563604,Forest
Synal_kolla_xxx,Synal_kolla_xxx,0.063104041,0.087678595,0.099683208,0.022958457,0.028811598,0.046167416,0.009671121,0.324226765,0.655685209,0.511682359,0.266192866,0.382743475,0.335375679,0.264769306,27.35,1411.5,1.40895773,-0.13346717,Forest
Synal_macco_xxx,Synal_macco_xxx,0.011462176,0.014503027,0.020202985,0.026627516,0.013144168,0.010769175,0.005578127,0.232992855,0.350107333,0.341494066,0.203928537,0.234231818,0.26070611,0.254815353,25.95,2411.5,1.187854177,1.095525714,Intermediate
Synal_maran_xxx,Synal_maran_xxx,0.024714676,0.042332714,0.028087384,0.017328597,0.030458183,0.027230599,0.021484233,0.26858552,0.46608976,0.374505464,0.27913566,0.271617361,0.284166377,0.389569246,23.1,1256,0.737750517,-0.324575563,Forest
Synal_moest_xxx,Synal_moest_xxx,0.010033614,0.015383937,0.013007425,0.032103172,0.007083497,0.017820687,0.010238119,0.234909795,0.299984427,0.268685259,0.227813158,0.222529756,0.233451943,0.253061087,20.9,2286,0.390302078,0.941287107,Intermediate
Synal_propi_xxx,Synal_propi_xxx,0.025351721,0.064959469,0.041539394,0.020009841,0.032402923,0.032735245,0.013479735,0.285240466,0.616924057,0.438221304,0.272801998,0.300239989,0.300307923,0.27703051,26.3,2812,1.243130065,1.587737364,Nonforest
Synal_rufic_xxx,Synal_rufic_xxx,0.022371996,0.047947174,0.039443089,0.04784406,0.02114837,0.034761346,0.013541141,0.245215237,0.471333414,0.42960137,0.261675896,0.247708536,0.30062267,0.408416207,18.6,1633,0.027060528,0.138754754,Forest
Synal_rutil_rut,Synal_rutil_rut,0.019746723,0.026939458,0.041618848,0.01930427,0.010597032,0.001497302,0.005747116,0.245877281,0.314310363,0.271050515,0.216635771,0.250390866,0.226749198,0.215360937,25.5,2314,1.116785178,0.975698908,Forest
Synal_scuta_xxx,Synal_scuta_xxx,0.021403761,0.090471287,0.093937753,0.018135834,0.02645197,0.030677435,0.004523926,0.279926321,0.696485135,0.551265611,0.265597248,0.29004278,0.281418598,0.252664123,20.95,1016,0.398198633,-0.619533855,Intermediate
Synal_spixi_xxx,Synal_spixi_xxx,0.01930529,0.038484307,0.02247193,0.043731108,0.019705213,0.021436421,0.005194003,0.254846178,0.448780932,0.378393117,0.253249817,0.256989577,0.259005378,0.219929396,17.8,1518,-0.099284359,-0.002579428,Nonforest
Synal_stict_sti,Synal_stict_sti,0.030040931,0.079833702,0.0502697,0.020586983,0.056992156,0.041622848,0.066761616,0.325624139,0.646067406,0.573343954,0.299266736,0.36646045,0.314662882,0.652414969,23.8,149,0.848302293,-1.685070686,Nonforest
Synal_subpu_xxx,Synal_subpu_xxx,0.021596115,0.069293552,0.049335169,0.04922648,0.018075575,0.018259396,0.017801866,0.259654505,0.527533596,0.453685101,0.277505766,0.290851453,0.277391287,0.320309782,13.5,873,-0.778388127,-0.795279838,Intermediate
Synal_tithy_xxx,Synal_tithy_xxx,0.016771674,0.039951102,0.023327274,0.004723299,0.020641901,0.005785178,0.004127398,0.271953406,0.526556553,0.403062801,0.188179612,0.261517651,0.233936307,0.190167472,23.8,826,0.848302293,-0.853042503,Intermediate
Synal_uniru_och,Synal_uniru_och,0.026802556,0.068136362,0.053627145,0.027943102,0.019111725,0.029541551,0.033121216,0.255710625,0.366820893,0.329315228,0.252114226,0.251314158,0.266269076,0.298989176,15.4,1269,-0.47831902,-0.308598656,Forest
Synal_zimme_xxx,Synal_zimme_xxx,0.023753501,0.071165276,0.065602043,0.021525873,0.030872971,0.0082087,0.026837178,0.29145398,0.415281466,0.406496949,0.28012294,0.301077065,0.236032341,0.339094226,14.1,258.5,-0.683629461,-1.550495965,Nonforest
Synda_dimid_xxx,Synda_dimid_xxx,0.032127597,0.074044216,0.072977106,0.02596509,0.034817596,0.035353576,0.085210573,0.235930666,0.348059341,0.356640082,0.22558942,0.244540512,0.282797787,0.370301436,21.3,1605,0.453474522,0.104342953,Forest
Synda_rorai_xxx,Synda_rorai_xxx,0.022011506,0.052587781,0.057441437,0.016793391,0.028874103,0.042253204,0.053128676,0.262092378,0.327712949,0.361465343,0.200313673,0.273811199,0.308764415,0.386184522,19.2,2255,0.121819193,0.903188328,Forest
Synda_rufic_xxx,Synda_rufic_xxx,0.030498196,0.038998785,0.051978124,0.021065791,0.038474218,0.035431844,0.066150275,0.248296188,0.337691797,0.368998596,0.216620083,0.264462613,0.297989488,0.380460643,19.35,910.5,0.145508859,-0.749192605,Forest
Synda_stria_xxx,Synda_stria_xxx,0.026135761,0.059874077,0.07594919,0.023289942,0.030651886,0.029735755,0.124629164,0.238115972,0.317347408,0.37729753,0.203523448,0.239684821,0.320664012,0.460450636,21.05,1691.5,0.413991744,0.210650838,Forest
Synda_subal_xxx,Synda_subal_xxx,0.019390569,0.038688329,0.044362175,0.014732961,0.027204357,0.029519706,0.029863611,0.239598171,0.334775105,0.375008237,0.228825536,0.254113489,0.301408951,0.332368562,18.5,2636,0.011267417,1.371434616,Forest
Synda_ucaya_xxx,Synda_ucaya_xxx,0.025808999,0.064818643,0.064092073,0.022220179,0.032674124,0.029022267,0.093304833,0.23637422,0.333038538,0.325723101,0.228967697,0.256380127,0.296453962,0.397696272,24.9,2590,1.022026513,1.314900944,Forest
Tarph_certh_xxx,Tarph_certh_xxx,0.027552967,0.059695279,0.063741772,0.026078005,0.030713952,0.024994673,0.07228696,0.263017122,0.415439236,0.40865988,0.260901314,0.276570787,0.308788186,0.656727842,17.7,580,-0.11507747,-1.155374753,Nonforest
Thria_berle_xxx,Thria_berle_xxx,0.032373398,0.041319527,0.054334306,0.039096384,0.033295432,0.039898335,0.051030667,0.250145116,0.308231177,0.316044933,0.29573011,0.273832537,0.305108677,0.316953924,12.25,1129.5,-0.975802013,-0.480043163,Forest
Thria_fusci_xxx,Thria_fusci_xxx,0.037475838,0.052940096,0.060421564,0.032661946,0.041310939,0.053073773,0.061998171,0.294261068,0.369840068,0.394214215,0.312894478,0.324099002,0.336077917,0.424219752,25.4,2359.5,1.100992067,1.031618084,Forest
Thria_macro_xxx,Thria_macro_xxx,0.035520087,0.058917762,0.052545753,0.033743079,0.047171194,0.093591085,0.043235708,0.273961411,0.381948826,0.382176635,0.255861033,0.299545011,0.431486872,0.383551189,23.8,1155,0.848302293,-0.448703845,Intermediate
Thrie_flamm_xxx,Thrie_flamm_xxx,0.014019435,0.03923305,0.025596591,0.01563134,0.023387537,0.025401838,0.034049193,0.255162046,0.312398715,0.285446899,0.252059673,0.245008098,0.290580137,0.311927052,15.75,1852,-0.423043132,0.407904195,Forest
Thrie_holos_xxx,Thrie_holos_xxx,0.021783782,0.054472387,0.050010798,0.011317393,0.026267864,0.031827414,0.053550072,0.251324022,0.352885435,0.348657218,0.224796514,0.24044663,0.286706179,0.381223432,16.95,1621.5,-0.233525802,0.124621336,Forest
Thrie_ignob_xxx,Thrie_ignob_xxx,0.01194843,0.028790184,0.023812556,0.010783005,0.01646177,0.017524603,0.040894357,0.171775227,0.24817946,0.243348069,0.168725446,0.163272452,0.222077035,0.368202161,19.2,2845,0.121819193,1.628294129,Forest
Thrie_rufob_xxx,Thrie_rufob_xxx,0.016431876,0.065740205,0.048286616,0.011624585,0.025160412,0.032618451,0.06226304,0.217531328,0.346839817,0.327534794,0.225276593,0.236309263,0.27695398,0.371821012,17.9,2950.5,-0.083491248,1.757952878,Forest
Thrie_scrut_xxx,Thrie_scrut_xxx,0.023476353,0.045217086,0.037338963,0.015899007,0.030379459,0.0268039,0.034746995,0.248074946,0.323794326,0.324044113,0.249698069,0.260040124,0.289652619,0.344885839,12.55,985.5,-0.92842268,-0.657018138,Forest
Thrie_virga_xxx,Thrie_virga_xxx,0.01748124,0.070188498,0.056198458,0.010928097,0.031537574,0.03773152,0.056830484,0.201598833,0.362555692,0.316628138,0.213307322,0.237556406,0.306199724,0.34984428,17.4,1909,-0.162456803,0.47795679,Forest
Upuce_albig_xxx,Upuce_albig_xxx,0.031570621,0.113756657,0.088115276,0.022002317,0.036668871,0.035668769,0.084414287,0.302940092,0.613305751,0.50805706,0.265792951,0.324650722,0.321115311,0.541305826,8.5,202.5,-1.56804367,-1.619319567,Nonforest
Upuce_dumet_xxx,Upuce_dumet_xxx,0.028409624,0.106542914,0.074207887,0.023059877,0.033239878,0.034155324,0.058934449,0.311977559,0.663483218,0.484641918,0.293228145,0.344244849,0.353630095,0.548364187,7.7,397,-1.694388557,-1.380280451,Nonforest
Upuce_satur_xxx,Upuce_satur_xxx,0.017472047,0.079586492,0.073788271,0.016748995,0.021769389,0.023235079,0.052889034,0.270486659,0.543192021,0.467680204,0.252415268,0.285587995,0.322602844,0.466369673,14.2,533,-0.667836351,-1.213137418,Nonforest
Upuce_valid_xxx,Upuce_valid_xxx,0.026149246,0.094443171,0.085675463,0.025073616,0.031074337,0.033348887,0.074174633,0.285946315,0.512971151,0.491009743,0.275157012,0.287014201,0.312296822,0.501236711,10.2,242,-1.299560786,-1.570774348,Nonforest
Xener_minlo_xxx,Xener_minlo_xxx,0.011920544,0.069335146,0.068602808,0.006603849,0.028261453,0.010585333,0.049497774,0.286265447,0.517114915,0.555447853,0.216317954,0.458301206,0.299679582,0.537292139,23.7,3148,0.832509183,2.000678973,Intermediate
Xener_singu_xxx,Xener_singu_xxx,0.013656875,0.045990978,0.050087197,0.014834442,0.011465881,0.013817228,0.045502749,0.289974801,0.435960361,0.506699302,0.246577946,0.328949676,0.36592038,0.506268906,20.65,1321,0.350819301,-0.244691026,Intermediate
Xenop_minut_xxx,Xenop_minut_xxx,0.021143535,0.038184726,0.035452684,0.018004307,0.027232824,0.060566527,0.052725119,0.280309833,0.354592721,0.38340516,0.235497361,0.283241512,0.384212179,0.539596203,25,2449,1.037819624,1.141612947,Forest
Xenop_rutil_xxx,Xenop_rutil_xxx,0.033780737,0.044498616,0.0326042,0.019687084,0.052011082,0.049514689,0.059362677,0.281739956,0.388794739,0.377405963,0.25101961,0.320830148,0.344844633,0.59548773,20.4,1651,0.311336524,0.160876626,Intermediate
Xenop_tenui_xxx,Xenop_tenui_xxx,0.034665607,0.049673985,0.04018882,0.023292614,0.060183784,0.053816561,0.044511082,0.308210246,0.422868399,0.404749054,0.275901825,0.32925464,0.329957214,0.489199931,25.05,2339,1.045716179,1.00642373,Intermediate
Xiphc_albic_xxx,Xiphc_albic_xxx,0.029112321,0.056244437,0.047522488,0.013466179,0.035180379,0.025450775,0.081423436,0.271756162,0.3837376,0.333034258,0.220834451,0.263665706,0.274322934,0.562020987,18,1709,-0.067698137,0.232158213,Forest
Xiphc_falci_xxx,Xiphc_falci_xxx,0.035215102,0.089527026,0.066120602,0.031734877,0.05521163,0.03082083,0.05527915,0.275500264,0.437738594,0.38739673,0.269651783,0.325482962,0.238313152,0.352056542,24.5,959,0.95885407,-0.68958645,Intermediate
Xiphc_major_xxx,Xiphc_major_xxx,0.045855595,0.065479838,0.057837448,0.042455395,0.049621567,0.027874315,0.068140956,0.293400616,0.350678178,0.33540682,0.31966097,0.300254336,0.257804185,0.378082114,25.1,1231,1.053612735,-0.355300385,Intermediate
Xiphr_elega_xxx,Xiphr_elega_xxx,0.026677961,0.052998259,0.042742633,0.017843851,0.039357523,0.027184553,0.058207058,0.267682305,0.372276628,0.331206908,0.228215888,0.289211167,0.276655901,0.382357283,25.4,2509.5,1.100992067,1.215967017,Forest
Xiphr_eryth_xxx,Xiphr_eryth_xxx,0.029878,0.052247176,0.047373726,0.017662229,0.038388951,0.032243062,0.060977268,0.288937197,0.390915191,0.385650791,0.2389176,0.277300112,0.307656857,0.438472773,21.3,2893.5,0.453474522,1.687900284,Forest
Xiphr_flavi_xxx,Xiphr_flavi_xxx,0.025122369,0.050037629,0.046076714,0.02036967,0.039938844,0.033707488,0.111463826,0.280099119,0.379611632,0.382860964,0.248841394,0.307131579,0.285923974,0.528883353,25.1,1550,1.053612735,0.036748345,Forest
Xiphr_fuscu_xxx,Xiphr_fuscu_xxx,0.026262007,0.062097611,0.076206102,0.020941261,0.041473176,0.041521774,0.106766735,0.24903256,0.396334434,0.432915281,0.218006182,0.263798072,0.274877911,0.592556484,19.4,1590,0.153405415,0.08590806,Forest
Xiphr_gutta_xxx,Xiphr_gutta_xxx,0.029020915,0.061305081,0.04810499,0.018061489,0.036210989,0.022964227,0.08361667,0.276712708,0.361373379,0.356526193,0.242755954,0.26254921,0.259519617,0.498912219,25.5,2233,1.116785178,0.876150484,Forest
Xiphr_lachr_xxx,Xiphr_lachr_xxx,0.030213764,0.056169804,0.052830755,0.019076999,0.045567062,0.03385671,0.103744454,0.318099546,0.411365343,0.424235563,0.252413478,0.287655305,0.293974465,0.524036116,25.9,3542,1.179957622,2.484902169,Forest
Xiphr_obsol_xxx,Xiphr_obsol_xxx,0.031714328,0.041674453,0.038767314,0.0201237,0.036060416,0.022329212,0.069619665,0.279093108,0.329996518,0.34289989,0.233573214,0.271540917,0.255560674,0.418197481,26.4,2427,1.258923176,1.114575104,Forest
Xiphr_ocell_chu,Xiphr_ocell_chu,0.024675041,0.04560334,0.039215562,0.018854931,0.036672543,0.029666187,0.058848599,0.261417726,0.355382922,0.333498385,0.242798623,0.27354482,0.290730982,0.395129529,22.3,1853,0.61140563,0.409133188,Forest
Xiphr_parda_xxx,Xiphr_parda_xxx,0.021147194,0.05795255,0.03653529,0.014211171,0.043025449,0.033843516,0.056462073,0.257403833,0.390127076,0.326869276,0.219488435,0.30573036,0.296715474,0.364637136,26.4,2218,1.258923176,0.857715591,Forest
Xiphr_spixi_xxx,Xiphr_spixi_xxx,0.031904757,0.06355188,0.046945611,0.019434279,0.046902799,0.039326946,0.069221733,0.29051345,0.388583718,0.348269713,0.242625794,0.291038437,0.319522161,0.428584343,25.45,2150.5,1.108888623,0.774758571,Forest
Xiphr_sussu_xxx,Xiphr_sussu_xxx,0.029454187,0.055564061,0.048932743,0.022716178,0.03920665,0.025931608,0.074709256,0.280193156,0.376764388,0.362009266,0.282099075,0.283324495,0.270312968,0.442629998,25.9,2708,1.179957622,1.459922104,Forest
Xiphr_trian_tri,Xiphr_trian_tri,0.024568943,0.040441735,0.027038813,0.014916658,0.029090281,0.028329481,0.040142929,0.289928572,0.376504962,0.340933382,0.257301123,0.302974953,0.309463445,0.411864771,19.2,1626,0.121819193,0.130151804,Forest